ObservedAgentID;CounterpartyID;ContractID;InstrumentID;CounterpartyRole;CounterpartyRoleEndDate;CollectiveDebtSettlementStatus
444555999;444555999;220-00-03460-04;220000000000;1;;
444555999;444555999;220-00-03460-04;220000000000;7;;
444555999;220-00-03460-04_1;220-00-03460-04;220000000000;2;;
444555999;444555999;220-00-03475-19;220000000000;1;;
444555999;444555999;220-00-03475-19;220000000000;7;;
444555999;220-00-03475-19_1;220-00-03475-19;220000000000;2;;
444555999;444555999;220-00-03500-44;220000000000;1;;
444555999;444555999;220-00-03500-44;220000000000;7;;
444555999;220-00-03500-44_1;220-00-03500-44;220000000000;2;;
444555999;444555999;220-00-03505-49;220000000000;1;;
444555999;444555999;220-00-03505-49;220000000000;7;;
444555999;220-00-03505-49_1;220-00-03505-49;220000000000;2;;
444555999;220-00-03505-49_2;220-00-03505-49;220000000000;2;;
444555999;444555999;220-00-03508-52;220000000000;1;;
444555999;444555999;220-00-03508-52;220000000000;7;;
444555999;220-00-03508-52_1;220-00-03508-52;220000000000;2;;
444555999;444555999;220-00-03522-66;220000000000;1;;
444555999;444555999;220-00-03522-66;220000000000;7;;
444555999;220-00-03522-66_1;220-00-03522-66;220000000000;2;;
444555999;220-00-03522-66_2;220-00-03522-66;220000000000;2;;
444555999;444555999;220-00-03527-71;220000000000;1;;
444555999;444555999;220-00-03527-71;220000000000;7;;
444555999;220-00-03527-71_1;220-00-03527-71;220000000000;2;;
444555999;220-00-03527-71_2;220-00-03527-71;220000000000;2;;
444555999;444555999;220-00-03528-72;220000000000;1;;
444555999;444555999;220-00-03528-72;220000000000;7;;
444555999;220-00-03528-72_1;220-00-03528-72;220000000000;2;;
444555999;220-00-03528-72_2;220-00-03528-72;220000000000;2;;
444555999;444555999;220-00-03532-76;220000000000;1;;
444555999;444555999;220-00-03532-76;220000000000;7;;
444555999;220-00-03532-76_1;220-00-03532-76;220000000000;2;;
444555999;444555999;220-00-03539-83;220000000000;1;;
444555999;444555999;220-00-03539-83;220000000000;7;;
444555999;220-00-03539-83_1;220-00-03539-83;220000000000;2;;
444555999;444555999;220-00-03542-86;220000000000;1;;
444555999;444555999;220-00-03542-86;220000000000;7;;
444555999;220-00-03542-86_1;220-00-03542-86;220000000000;2;;
444555999;220-00-03542-86_2;220-00-03542-86;220000000000;2;;
444555999;444555999;220-00-03543-87;220000000000;1;;
444555999;444555999;220-00-03543-87;220000000000;7;;
444555999;220-00-03543-87_1;220-00-03543-87;220000000000;2;;
444555999;220-00-03543-87_2;220-00-03543-87;220000000000;2;;
444555999;444555999;220-00-03545-89;220000000000;1;;
444555999;444555999;220-00-03545-89;220000000000;7;;
444555999;220-00-03545-89_1;220-00-03545-89;220000000000;2;;
444555999;444555999;220-00-03546-90;220000000000;1;;
444555999;444555999;220-00-03546-90;220000000000;7;;
444555999;220-00-03546-90_1;220-00-03546-90;220000000000;2;;
444555999;220-00-03546-90_2;220-00-03546-90;220000000000;2;;
444555999;444555999;220-00-03556-03;220000000000;1;;
444555999;444555999;220-00-03556-03;220000000000;7;;
444555999;220-00-03556-03_1;220-00-03556-03;220000000000;2;;
444555999;444555999;220-00-03564-11;220000000000;1;;
444555999;444555999;220-00-03564-11;220000000000;7;;
444555999;220-00-03564-11_1;220-00-03564-11;220000000000;2;;
444555999;220-00-03564-11_2;220-00-03564-11;220000000000;2;;
444555999;444555999;220-00-03565-12;220000000000;1;;
444555999;444555999;220-00-03565-12;220000000000;7;;
444555999;220-00-03565-12_1;220-00-03565-12;220000000000;2;;
444555999;220-00-03565-12_2;220-00-03565-12;220000000000;2;;
444555999;444555999;220-00-03573-20;220000000000;1;;
444555999;444555999;220-00-03573-20;220000000000;7;;
444555999;220-00-03573-20_1;220-00-03573-20;220000000000;2;;
444555999;220-00-03573-20_2;220-00-03573-20;220000000000;2;;
444555999;444555999;220-00-03579-26;220000000000;1;;
444555999;444555999;220-00-03579-26;220000000000;7;;
444555999;220-00-03579-26_1;220-00-03579-26;220000000000;2;;
444555999;220-00-03579-26_2;220-00-03579-26;220000000000;2;;
444555999;444555999;220-00-03582-29;220000000000;1;;
444555999;444555999;220-00-03582-29;220000000000;7;;
444555999;220-00-03582-29_1;220-00-03582-29;220000000000;2;;
444555999;220-00-03582-29_2;220-00-03582-29;220000000000;2;;
444555999;444555999;220-00-03591-38;220000000000;1;;
444555999;444555999;220-00-03591-38;220000000000;7;;
444555999;220-00-03591-38_1;220-00-03591-38;220000000000;2;;
444555999;220-00-03591-38_2;220-00-03591-38;220000000000;2;;
444555999;444555999;220-00-03592-39;220000000000;1;;
444555999;444555999;220-00-03592-39;220000000000;7;;
444555999;220-00-03592-39_1;220-00-03592-39;220000000000;2;;
444555999;444555999;220-00-03595-42;220000000000;1;;
444555999;444555999;220-00-03595-42;220000000000;7;;
444555999;220-00-03595-42_1;220-00-03595-42;220000000000;2;;
444555999;444555999;220-00-03597-44;220000000000;1;;
444555999;444555999;220-00-03597-44;220000000000;7;;
444555999;220-00-03597-44_1;220-00-03597-44;220000000000;2;;
444555999;220-00-03597-44_2;220-00-03597-44;220000000000;2;;
444555999;444555999;220-00-03603-50;220000000000;1;;
444555999;444555999;220-00-03603-50;220000000000;7;;
444555999;220-00-03603-50_1;220-00-03603-50;220000000000;2;;
444555999;220-00-03603-50_2;220-00-03603-50;220000000000;2;;
444555999;444555999;220-00-03612-59;220000000000;1;;
444555999;444555999;220-00-03612-59;220000000000;7;;
444555999;220-00-03612-59_1;220-00-03612-59;220000000000;2;;
444555999;220-00-03612-59_2;220-00-03612-59;220000000000;2;;
444555999;444555999;220-00-03614-61;220000000000;1;;
444555999;444555999;220-00-03614-61;220000000000;7;;
444555999;220-00-03614-61_1;220-00-03614-61;220000000000;2;;
444555999;444555999;220-00-03620-67;220000000000;1;;
444555999;444555999;220-00-03620-67;220000000000;7;;
444555999;220-00-03620-67_1;220-00-03620-67;220000000000;2;;
444555999;444555999;220-00-03631-78;220000000000;1;;
444555999;444555999;220-00-03631-78;220000000000;7;;
444555999;220-00-03631-78_1;220-00-03631-78;220000000000;2;;
444555999;220-00-03631-78_2;220-00-03631-78;220000000000;2;;
444555999;444555999;220-00-03632-79;220000000000;1;;
444555999;444555999;220-00-03632-79;220000000000;7;;
444555999;220-00-03632-79_1;220-00-03632-79;220000000000;2;;
444555999;220-00-03632-79_2;220-00-03632-79;220000000000;2;;
444555999;444555999;220-00-03634-81;220000000000;1;;
444555999;444555999;220-00-03634-81;220000000000;7;;
444555999;220-00-03634-81_1;220-00-03634-81;220000000000;2;;
444555999;444555999;220-00-03635-82;220000000000;1;;
444555999;444555999;220-00-03635-82;220000000000;7;;
444555999;220-00-03635-82_1;220-00-03635-82;220000000000;2;;
444555999;444555999;220-00-03637-84;220000000000;1;;
444555999;444555999;220-00-03637-84;220000000000;7;;
444555999;220-00-03637-84_1;220-00-03637-84;220000000000;2;;
444555999;220-00-03637-84_2;220-00-03637-84;220000000000;2;;
444555999;444555999;220-00-03641-88;220000000000;1;;
444555999;444555999;220-00-03641-88;220000000000;7;;
444555999;220-00-03641-88_1;220-00-03641-88;220000000000;2;;
444555999;220-00-03641-88_2;220-00-03641-88;220000000000;2;2022-09-10;
444555999;444555999;220-00-03644-91;220000000000;1;2022-09-10;
444555999;444555999;220-00-03644-91;220000000000;7;2022-09-10;
444555999;220-00-03644-91_1;220-00-03644-91;220000000000;2;;
444555999;444555999;220-00-03649-96;220000000000;1;;
444555999;444555999;220-00-03649-96;220000000000;7;;
444555999;220-00-03649-96_1;220-00-03649-96;220000000000;2;;
444555999;444555999;220-00-03654-04;220000000000;1;;
444555999;444555999;220-00-03654-04;220000000000;7;;
444555999;220-00-03654-04_1;220-00-03654-04;220000000000;2;;
444555999;220-00-03654-04_2;220-00-03654-04;220000000000;2;;
444555999;444555999;220-00-03655-05;220000000000;1;;
444555999;444555999;220-00-03655-05;220000000000;7;;
444555999;220-00-03655-05_1;220-00-03655-05;220000000000;2;;
444555999;220-00-03655-05_2;220-00-03655-05;220000000000;2;;
444555999;444555999;220-00-03656-06;220000000000;1;;
444555999;444555999;220-00-03656-06;220000000000;7;;
444555999;220-00-03656-06_1;220-00-03656-06;220000000000;2;;
444555999;220-00-03656-06_2;220-00-03656-06;220000000000;2;;
444555999;444555999;220-00-03662-12;220000000000;1;;
444555999;444555999;220-00-03662-12;220000000000;7;;
444555999;220-00-03662-12_1;220-00-03662-12;220000000000;2;;
444555999;444555999;220-00-03684-34;220000000000;1;;
444555999;444555999;220-00-03684-34;220000000000;7;;
444555999;220-00-03684-34_1;220-00-03684-34;220000000000;2;;
444555999;220-00-03684-34_2;220-00-03684-34;220000000000;2;;
444555999;444555999;220-00-03690-40;220000000000;1;;
444555999;444555999;220-00-03690-40;220000000000;7;;
444555999;220-00-03690-40_1;220-00-03690-40;220000000000;2;;
444555999;220-00-03690-40_2;220-00-03690-40;220000000000;2;;
444555999;444555999;220-00-03697-47;220000000000;1;;
444555999;444555999;220-00-03697-47;220000000000;7;;
444555999;220-00-03697-47_1;220-00-03697-47;220000000000;2;;
444555999;220-00-03697-47_2;220-00-03697-47;220000000000;2;;
444555999;444555999;220-00-03703-53;220000000000;1;;
444555999;444555999;220-00-03703-53;220000000000;7;;
444555999;220-00-03703-53_1;220-00-03703-53;220000000000;2;;
444555999;220-00-03703-53_2;220-00-03703-53;220000000000;2;;
444555999;444555999;220-00-03724-74;220000000000;1;;
444555999;444555999;220-00-03724-74;220000000000;7;;
444555999;220-00-03724-74_1;220-00-03724-74;220000000000;2;;
444555999;220-00-03724-74_2;220-00-03724-74;220000000000;2;;
444555999;444555999;220-00-03738-88;220000000000;1;;
444555999;444555999;220-00-03738-88;220000000000;7;;
444555999;220-00-03738-88_1;220-00-03738-88;220000000000;2;;
444555999;220-00-03738-88_2;220-00-03738-88;220000000000;2;;
444555999;444555999;220-00-03740-90;220000000000;1;;
444555999;444555999;220-00-03740-90;220000000000;7;;
444555999;220-00-03740-90_1;220-00-03740-90;220000000000;2;;
444555999;220-00-03740-90_2;220-00-03740-90;220000000000;2;;
444555999;444555999;220-00-03748-01;220000000000;1;;
444555999;444555999;220-00-03748-01;220000000000;7;;
444555999;220-00-03748-01_1;220-00-03748-01;220000000000;2;;
444555999;220-00-03748-01_2;220-00-03748-01;220000000000;2;;
444555999;444555999;220-00-03754-07;220000000000;1;;
444555999;444555999;220-00-03754-07;220000000000;7;;
444555999;220-00-03754-07_1;220-00-03754-07;220000000000;2;;
444555999;220-00-03754-07_2;220-00-03754-07;220000000000;2;;
444555999;444555999;220-00-03756-09;220000000000;1;;
444555999;444555999;220-00-03756-09;220000000000;7;;
444555999;220-00-03756-09_1;220-00-03756-09;220000000000;2;;
444555999;444555999;220-00-03763-16;220000000000;1;;
444555999;444555999;220-00-03763-16;220000000000;7;;
444555999;220-00-03763-16_1;220-00-03763-16;220000000000;2;;
444555999;220-00-03763-16_2;220-00-03763-16;220000000000;2;;
444555999;444555999;220-00-03768-21;220000000000;1;;
444555999;444555999;220-00-03768-21;220000000000;7;;
444555999;220-00-03768-21_1;220-00-03768-21;220000000000;2;;
444555999;220-00-03768-21_2;220-00-03768-21;220000000000;2;;
444555999;444555999;220-00-03770-23;220000000000;1;;
444555999;444555999;220-00-03770-23;220000000000;7;;
444555999;220-00-03770-23_1;220-00-03770-23;220000000000;2;;
444555999;444555999;220-00-03774-27;220000000000;1;;
444555999;444555999;220-00-03774-27;220000000000;7;;
444555999;220-00-03774-27_1;220-00-03774-27;220000000000;2;;
444555999;444555999;220-00-03780-33;220000000000;1;;
444555999;444555999;220-00-03780-33;220000000000;7;;
444555999;220-00-03780-33_1;220-00-03780-33;220000000000;2;;
444555999;220-00-03780-33_2;220-00-03780-33;220000000000;2;;
444555999;444555999;220-00-03781-34;220000000000;1;;
444555999;444555999;220-00-03781-34;220000000000;7;;
444555999;220-00-03781-34_1;220-00-03781-34;220000000000;2;;
444555999;220-00-03781-34_2;220-00-03781-34;220000000000;2;;
444555999;444555999;220-00-03784-37;220000000000;1;;
444555999;444555999;220-00-03784-37;220000000000;7;;
444555999;220-00-03784-37_1;220-00-03784-37;220000000000;2;;
444555999;220-00-03784-37_2;220-00-03784-37;220000000000;2;;
444555999;444555999;220-00-03792-45;220000000000;1;;
444555999;444555999;220-00-03792-45;220000000000;7;;
444555999;220-00-03792-45_1;220-00-03792-45;220000000000;2;;
444555999;444555999;220-00-03800-53;220000000000;1;;
444555999;444555999;220-00-03800-53;220000000000;7;;
444555999;220-00-03800-53_1;220-00-03800-53;220000000000;2;;
444555999;220-00-03800-53_2;220-00-03800-53;220000000000;2;;
444555999;444555999;220-00-03803-56;220000000000;1;;
444555999;444555999;220-00-03803-56;220000000000;7;;
444555999;220-00-03803-56_1;220-00-03803-56;220000000000;2;;
444555999;444555999;220-00-03804-57;220000000000;1;;
444555999;444555999;220-00-03804-57;220000000000;7;;
444555999;220-00-03804-57_1;220-00-03804-57;220000000000;2;;
444555999;220-00-03804-57_2;220-00-03804-57;220000000000;2;;
444555999;444555999;220-00-03807-60;220000000000;1;;
444555999;444555999;220-00-03807-60;220000000000;7;;
444555999;220-00-03807-60_1;220-00-03807-60;220000000000;2;;
444555999;220-00-03807-60_2;220-00-03807-60;220000000000;2;;
444555999;444555999;220-00-03809-62;220000000000;1;;
444555999;444555999;220-00-03809-62;220000000000;7;;
444555999;220-00-03809-62_1;220-00-03809-62;220000000000;2;;
444555999;220-00-03809-62_2;220-00-03809-62;220000000000;2;;
444555999;444555999;220-00-03820-73;220000000000;1;;
444555999;444555999;220-00-03820-73;220000000000;7;;
444555999;220-00-03820-73_1;220-00-03820-73;220000000000;2;;
444555999;220-00-03820-73_2;220-00-03820-73;220000000000;2;;
444555999;444555999;220-00-03821-74;220000000000;1;;
444555999;444555999;220-00-03821-74;220000000000;7;;
444555999;220-00-03821-74_1;220-00-03821-74;220000000000;2;;
444555999;220-00-03821-74_2;220-00-03821-74;220000000000;2;;
444555999;444555999;220-00-03822-75;220000000000;1;;
444555999;444555999;220-00-03822-75;220000000000;7;;
444555999;220-00-03822-75_1;220-00-03822-75;220000000000;2;;
444555999;444555999;220-00-03824-77;220000000000;1;;
444555999;444555999;220-00-03824-77;220000000000;7;;
444555999;220-00-03824-77_1;220-00-03824-77;220000000000;2;;
444555999;220-00-03824-77_2;220-00-03824-77;220000000000;2;;
444555999;444555999;220-00-03828-81;220000000000;1;;
444555999;444555999;220-00-03828-81;220000000000;7;;
444555999;220-00-03828-81_1;220-00-03828-81;220000000000;2;;
444555999;220-00-03828-81_2;220-00-03828-81;220000000000;2;;
444555999;444555999;220-00-03831-84;220000000000;1;;
444555999;444555999;220-00-03831-84;220000000000;7;;
444555999;220-00-03831-84_1;220-00-03831-84;220000000000;2;;
444555999;444555999;220-00-03832-85;220000000000;1;;
444555999;444555999;220-00-03832-85;220000000000;7;;
444555999;220-00-03832-85_1;220-00-03832-85;220000000000;2;;
444555999;220-00-03832-85_2;220-00-03832-85;220000000000;2;;
444555999;444555999;220-00-03834-87;220000000000;1;;
444555999;444555999;220-00-03834-87;220000000000;7;;
444555999;220-00-03834-87_1;220-00-03834-87;220000000000;2;;
444555999;220-00-03834-87_2;220-00-03834-87;220000000000;2;;
444555999;444555999;220-00-03838-91;220000000000;1;;
444555999;444555999;220-00-03838-91;220000000000;7;;
444555999;220-00-03838-91_1;220-00-03838-91;220000000000;2;;
444555999;220-00-03838-91_2;220-00-03838-91;220000000000;2;;
444555999;444555999;220-00-03842-95;220000000000;1;;
444555999;444555999;220-00-03842-95;220000000000;7;;
444555999;220-00-03842-95_1;220-00-03842-95;220000000000;2;;
444555999;444555999;220-00-03843-96;220000000000;1;;
444555999;444555999;220-00-03843-96;220000000000;7;;
444555999;220-00-03843-96_1;220-00-03843-96;220000000000;2;;
444555999;444555999;220-00-03847-03;220000000000;1;;
444555999;444555999;220-00-03847-03;220000000000;7;;
444555999;220-00-03847-03_1;220-00-03847-03;220000000000;2;;
444555999;444555999;220-00-03848-04;220000000000;1;;
444555999;444555999;220-00-03848-04;220000000000;7;;
444555999;220-00-03848-04_1;220-00-03848-04;220000000000;2;;
444555999;444555999;220-00-03851-07;220000000000;1;;
444555999;444555999;220-00-03851-07;220000000000;7;;
444555999;220-00-03851-07_1;220-00-03851-07;220000000000;2;;
444555999;220-00-03851-07_2;220-00-03851-07;220000000000;2;;
444555999;444555999;220-00-03852-08;220000000000;1;;
444555999;444555999;220-00-03852-08;220000000000;7;;
444555999;220-00-03852-08_1;220-00-03852-08;220000000000;2;;
444555999;220-00-03852-08_2;220-00-03852-08;220000000000;2;;
444555999;444555999;220-00-03853-09;220000000000;1;;
444555999;444555999;220-00-03853-09;220000000000;7;;
444555999;220-00-03853-09_1;220-00-03853-09;220000000000;2;;
444555999;220-00-03853-09_2;220-00-03853-09;220000000000;2;;
444555999;444555999;220-00-03854-10;220000000000;1;;
444555999;444555999;220-00-03854-10;220000000000;7;;
444555999;220-00-03854-10_1;220-00-03854-10;220000000000;2;;
444555999;444555999;220-00-03855-11;220000000000;1;;
444555999;444555999;220-00-03855-11;220000000000;7;;
444555999;220-00-03855-11_1;220-00-03855-11;220000000000;2;;
444555999;220-00-03855-11_2;220-00-03855-11;220000000000;2;;
444555999;444555999;220-00-03856-12;220000000000;1;;
444555999;444555999;220-00-03856-12;220000000000;7;;
444555999;220-00-03856-12_1;220-00-03856-12;220000000000;2;;
444555999;444555999;220-00-03857-13;220000000000;1;;
444555999;444555999;220-00-03857-13;220000000000;7;;
444555999;220-00-03857-13_1;220-00-03857-13;220000000000;2;;
444555999;220-00-03857-13_2;220-00-03857-13;220000000000;2;;
444555999;444555999;220-00-03859-15;220000000000;1;;
444555999;444555999;220-00-03859-15;220000000000;7;;
444555999;220-00-03859-15_1;220-00-03859-15;220000000000;2;;
444555999;444555999;220-00-03860-16;220000000000;1;;
444555999;444555999;220-00-03860-16;220000000000;7;;
444555999;220-00-03860-16_1;220-00-03860-16;220000000000;2;;
444555999;444555999;220-00-03861-17;220000000000;1;;
444555999;444555999;220-00-03861-17;220000000000;7;;
444555999;220-00-03861-17_1;220-00-03861-17;220000000000;2;;
444555999;220-00-03861-17_2;220-00-03861-17;220000000000;2;;
444555999;444555999;220-00-03862-18;220000000000;1;;
444555999;444555999;220-00-03862-18;220000000000;7;;
444555999;220-00-03862-18_1;220-00-03862-18;220000000000;2;;
444555999;444555999;220-00-03864-20;220000000000;1;;
444555999;444555999;220-00-03864-20;220000000000;7;;
444555999;220-00-03864-20_1;220-00-03864-20;220000000000;2;;
444555999;220-00-03864-20_2;220-00-03864-20;220000000000;2;;
444555999;444555999;220-00-03865-21;220000000000;1;;
444555999;444555999;220-00-03865-21;220000000000;7;;
444555999;220-00-03865-21_1;220-00-03865-21;220000000000;2;;
444555999;220-00-03865-21_2;220-00-03865-21;220000000000;2;;
444555999;444555999;220-00-03866-22;220000000000;1;;
444555999;444555999;220-00-03866-22;220000000000;7;;
444555999;220-00-03866-22_1;220-00-03866-22;220000000000;2;;
444555999;220-00-03866-22_2;220-00-03866-22;220000000000;2;;
444555999;444555999;220-00-03868-24;220000000000;1;;
444555999;444555999;220-00-03868-24;220000000000;7;;
444555999;220-00-03868-24_1;220-00-03868-24;220000000000;2;;
444555999;220-00-03868-24_2;220-00-03868-24;220000000000;2;;
444555999;444555999;220-00-03872-28;220000000000;1;;
444555999;444555999;220-00-03872-28;220000000000;7;;
444555999;220-00-03872-28_1;220-00-03872-28;220000000000;2;;
444555999;444555999;220-00-03873-29;220000000000;1;;
444555999;444555999;220-00-03873-29;220000000000;7;;
444555999;220-00-03873-29_1;220-00-03873-29;220000000000;2;;
444555999;220-00-03873-29_2;220-00-03873-29;220000000000;2;;
444555999;444555999;220-00-03876-32;220000000000;1;;
444555999;444555999;220-00-03876-32;220000000000;7;;
444555999;220-00-03876-32_1;220-00-03876-32;220000000000;2;;
444555999;220-00-03876-32_2;220-00-03876-32;220000000000;2;;
444555999;444555999;220-00-03877-33;220000000000;1;;
444555999;444555999;220-00-03877-33;220000000000;7;;
444555999;220-00-03877-33_1;220-00-03877-33;220000000000;2;;
444555999;220-00-03877-33_2;220-00-03877-33;220000000000;2;;
444555999;444555999;220-00-03878-34;220000000000;1;;
444555999;444555999;220-00-03878-34;220000000000;7;;
444555999;220-00-03878-34_1;220-00-03878-34;220000000000;2;;
444555999;444555999;220-00-03880-36;220000000000;1;;
444555999;444555999;220-00-03880-36;220000000000;7;;
444555999;220-00-03880-36_1;220-00-03880-36;220000000000;2;;
444555999;220-00-03880-36_2;220-00-03880-36;220000000000;2;;
444555999;444555999;220-00-03881-37;220000000000;1;;
444555999;444555999;220-00-03881-37;220000000000;7;;
444555999;220-00-03881-37_1;220-00-03881-37;220000000000;2;;
444555999;444555999;220-00-03882-38;220000000000;1;;
444555999;444555999;220-00-03882-38;220000000000;7;;
444555999;220-00-03882-38_1;220-00-03882-38;220000000000;2;;
444555999;444555999;220-00-03883-39;220000000000;1;;
444555999;444555999;220-00-03883-39;220000000000;7;;
444555999;220-00-03883-39_1;220-00-03883-39;220000000000;2;;
444555999;444555999;220-00-03884-40;220000000000;1;;
444555999;444555999;220-00-03884-40;220000000000;7;;
444555999;220-00-03884-40_1;220-00-03884-40;220000000000;2;;
444555999;444555999;220-00-03885-41;220000000000;1;;
444555999;444555999;220-00-03885-41;220000000000;7;;
444555999;220-00-03885-41_1;220-00-03885-41;220000000000;2;;
444555999;444555999;220-00-03887-43;220000000000;1;;
444555999;444555999;220-00-03887-43;220000000000;7;;
444555999;220-00-03887-43_1;220-00-03887-43;220000000000;2;;
444555999;220-00-03887-43_2;220-00-03887-43;220000000000;2;;
444555999;444555999;220-00-03888-44;220000000000;1;;
444555999;444555999;220-00-03888-44;220000000000;7;;
444555999;220-00-03888-44_1;220-00-03888-44;220000000000;2;;
444555999;220-00-03888-44_2;220-00-03888-44;220000000000;2;;
444555999;444555999;220-00-03889-45;220000000000;1;;
444555999;444555999;220-00-03889-45;220000000000;7;;
444555999;220-00-03889-45_1;220-00-03889-45;220000000000;2;;
444555999;220-00-03889-45_2;220-00-03889-45;220000000000;2;;
444555999;444555999;220-00-03891-47;220000000000;1;;
444555999;444555999;220-00-03891-47;220000000000;7;;
444555999;220-00-03891-47_1;220-00-03891-47;220000000000;2;;
444555999;444555999;220-00-03892-48;220000000000;1;;
444555999;444555999;220-00-03892-48;220000000000;7;;
444555999;220-00-03892-48_1;220-00-03892-48;220000000000;2;;
444555999;444555999;220-00-03895-51;220000000000;1;;
444555999;444555999;220-00-03895-51;220000000000;7;;
444555999;220-00-03895-51_1;220-00-03895-51;220000000000;2;;
444555999;220-00-03895-51_2;220-00-03895-51;220000000000;2;;
444555999;444555999;220-00-03896-52;220000000000;1;;
444555999;444555999;220-00-03896-52;220000000000;7;;
444555999;220-00-03896-52_1;220-00-03896-52;220000000000;2;;
444555999;220-00-03896-52_2;220-00-03896-52;220000000000;2;;
444555999;444555999;220-00-03897-53;220000000000;1;;
444555999;444555999;220-00-03897-53;220000000000;7;;
444555999;220-00-03897-53_1;220-00-03897-53;220000000000;2;;
444555999;220-00-03897-53_2;220-00-03897-53;220000000000;2;;
444555999;444555999;220-00-03899-55;220000000000;1;;
444555999;444555999;220-00-03899-55;220000000000;7;;
444555999;220-00-03899-55_1;220-00-03899-55;220000000000;2;;
444555999;220-00-03899-55_2;220-00-03899-55;220000000000;2;;
444555999;444555999;220-00-03904-60;220000000000;1;;
444555999;444555999;220-00-03904-60;220000000000;7;;
444555999;220-00-03904-60_1;220-00-03904-60;220000000000;2;;
444555999;220-00-03904-60_2;220-00-03904-60;220000000000;2;;
444555999;444555999;220-00-03905-61;220000000000;1;;
444555999;444555999;220-00-03905-61;220000000000;7;;
444555999;220-00-03905-61_1;220-00-03905-61;220000000000;2;;
444555999;220-00-03905-61_2;220-00-03905-61;220000000000;2;;
444555999;444555999;220-00-03907-63;220000000000;1;;
444555999;444555999;220-00-03907-63;220000000000;7;;
444555999;220-00-03907-63_1;220-00-03907-63;220000000000;2;;
444555999;220-00-03907-63_2;220-00-03907-63;220000000000;2;;
444555999;444555999;220-00-03909-65;220000000000;1;;
444555999;444555999;220-00-03909-65;220000000000;7;;
444555999;220-00-03909-65_1;220-00-03909-65;220000000000;2;;
444555999;220-00-03909-65_2;220-00-03909-65;220000000000;2;;
444555999;444555999;220-00-03911-67;220000000000;1;;
444555999;444555999;220-00-03911-67;220000000000;7;;
444555999;220-00-03911-67_1;220-00-03911-67;220000000000;2;;
444555999;220-00-03911-67_2;220-00-03911-67;220000000000;2;;
444555999;444555999;220-00-03912-68;220000000000;1;;
444555999;444555999;220-00-03912-68;220000000000;7;;
444555999;220-00-03912-68_1;220-00-03912-68;220000000000;2;;
444555999;444555999;220-00-03913-69;220000000000;1;;
444555999;444555999;220-00-03913-69;220000000000;7;;
444555999;220-00-03913-69_1;220-00-03913-69;220000000000;2;;
444555999;220-00-03913-69_2;220-00-03913-69;220000000000;2;;
444555999;444555999;220-00-03915-71;220000000000;1;;
444555999;444555999;220-00-03915-71;220000000000;7;;
444555999;220-00-03915-71_1;220-00-03915-71;220000000000;2;;
444555999;220-00-03915-71_2;220-00-03915-71;220000000000;2;;
444555999;444555999;220-00-03916-72;220000000000;1;;
444555999;444555999;220-00-03916-72;220000000000;7;;
444555999;220-00-03916-72_1;220-00-03916-72;220000000000;2;;
444555999;220-00-03916-72_2;220-00-03916-72;220000000000;2;;
444555999;444555999;220-00-03917-73;220000000000;1;;
444555999;444555999;220-00-03917-73;220000000000;7;;
444555999;220-00-03917-73_1;220-00-03917-73;220000000000;2;;
444555999;220-00-03917-73_2;220-00-03917-73;220000000000;2;;
444555999;444555999;220-00-03921-77;220000000000;1;;
444555999;444555999;220-00-03921-77;220000000000;7;;
444555999;220-00-03921-77_1;220-00-03921-77;220000000000;2;;
444555999;220-00-03921-77_2;220-00-03921-77;220000000000;2;;
444555999;444555999;220-00-03923-79;220000000000;1;;
444555999;444555999;220-00-03923-79;220000000000;7;;
444555999;220-00-03923-79_1;220-00-03923-79;220000000000;2;;
444555999;444555999;220-00-03925-81;220000000000;1;;
444555999;444555999;220-00-03925-81;220000000000;7;;
444555999;220-00-03925-81_1;220-00-03925-81;220000000000;2;;
444555999;444555999;220-00-03926-82;220000000000;1;;
444555999;444555999;220-00-03926-82;220000000000;7;;
444555999;220-00-03926-82_1;220-00-03926-82;220000000000;2;;
444555999;444555999;220-00-03928-84;220000000000;1;;
444555999;444555999;220-00-03928-84;220000000000;7;;
444555999;220-00-03928-84_1;220-00-03928-84;220000000000;2;;
444555999;220-00-03928-84_2;220-00-03928-84;220000000000;2;;
444555999;444555999;220-00-03929-85;220000000000;1;;
444555999;444555999;220-00-03929-85;220000000000;7;;
444555999;220-00-03929-85_1;220-00-03929-85;220000000000;2;;
444555999;220-00-03929-85_2;220-00-03929-85;220000000000;2;;
444555999;444555999;220-00-03930-86;220000000000;1;;
444555999;444555999;220-00-03930-86;220000000000;7;;
444555999;220-00-03930-86_1;220-00-03930-86;220000000000;2;;
444555999;220-00-03930-86_2;220-00-03930-86;220000000000;2;;
444555999;444555999;220-00-03931-87;220000000000;1;;
444555999;444555999;220-00-03931-87;220000000000;7;;
444555999;220-00-03931-87_1;220-00-03931-87;220000000000;2;;
444555999;220-00-03931-87_2;220-00-03931-87;220000000000;2;;
444555999;444555999;220-00-03932-88;220000000000;1;;
444555999;444555999;220-00-03932-88;220000000000;7;;
444555999;220-00-03932-88_1;220-00-03932-88;220000000000;2;;
444555999;444555999;220-00-03933-89;220000000000;1;;
444555999;444555999;220-00-03933-89;220000000000;7;;
444555999;220-00-03933-89_1;220-00-03933-89;220000000000;2;;
444555999;220-00-03933-89_2;220-00-03933-89;220000000000;2;;
444555999;444555999;220-00-03934-90;220000000000;1;;
444555999;444555999;220-00-03934-90;220000000000;7;;
444555999;220-00-03934-90_1;220-00-03934-90;220000000000;2;;
444555999;220-00-03934-90_2;220-00-03934-90;220000000000;2;;
444555999;444555999;220-00-03935-91;220000000000;1;;
444555999;444555999;220-00-03935-91;220000000000;7;;
444555999;220-00-03935-91_1;220-00-03935-91;220000000000;2;;
444555999;444555999;220-00-03936-92;220000000000;1;;
444555999;444555999;220-00-03936-92;220000000000;7;;
444555999;220-00-03936-92_1;220-00-03936-92;220000000000;2;;
444555999;220-00-03936-92_2;220-00-03936-92;220000000000;2;;
444555999;444555999;220-00-03937-93;220000000000;1;;
444555999;444555999;220-00-03937-93;220000000000;7;;
444555999;220-00-03937-93_1;220-00-03937-93;220000000000;2;;
444555999;220-00-03937-93_2;220-00-03937-93;220000000000;2;;
444555999;444555999;220-00-03938-94;220000000000;1;;
444555999;444555999;220-00-03938-94;220000000000;7;;
444555999;220-00-03938-94_1;220-00-03938-94;220000000000;2;;
444555999;220-00-03938-94_2;220-00-03938-94;220000000000;2;;
444555999;444555999;220-00-03939-95;220000000000;1;;
444555999;444555999;220-00-03939-95;220000000000;7;;
444555999;220-00-03939-95_1;220-00-03939-95;220000000000;2;;
444555999;444555999;220-00-03940-96;220000000000;1;;
444555999;444555999;220-00-03940-96;220000000000;7;;
444555999;220-00-03940-96_1;220-00-03940-96;220000000000;2;;
444555999;220-00-03940-96_2;220-00-03940-96;220000000000;2;;
444555999;444555999;220-00-03941-97;220000000000;1;;
444555999;444555999;220-00-03941-97;220000000000;7;;
444555999;220-00-03941-97_1;220-00-03941-97;220000000000;2;;
444555999;220-00-03941-97_2;220-00-03941-97;220000000000;2;;
444555999;220-00-03941-97_3;220-00-03941-97;220000000000;2;;
444555999;444555999;220-00-03942-01;220000000000;1;;
444555999;444555999;220-00-03942-01;220000000000;7;;
444555999;220-00-03942-01_1;220-00-03942-01;220000000000;2;;
444555999;220-00-03942-01_2;220-00-03942-01;220000000000;2;;
444555999;220-00-03942-01_3;220-00-03942-01;220000000000;2;;
444555999;444555999;220-00-03944-03;220000000000;1;;
444555999;444555999;220-00-03944-03;220000000000;7;;
444555999;220-00-03944-03_1;220-00-03944-03;220000000000;2;;
444555999;220-00-03944-03_2;220-00-03944-03;220000000000;2;;
444555999;444555999;220-00-03945-04;220000000000;1;;
444555999;444555999;220-00-03945-04;220000000000;7;;
444555999;220-00-03945-04_1;220-00-03945-04;220000000000;2;;
444555999;220-00-03945-04_2;220-00-03945-04;220000000000;2;;
444555999;444555999;220-00-03946-05;220000000000;1;;
444555999;444555999;220-00-03946-05;220000000000;7;;
444555999;220-00-03946-05_1;220-00-03946-05;220000000000;2;;
444555999;220-00-03946-05_2;220-00-03946-05;220000000000;2;;
444555999;444555999;220-00-03947-06;220000000000;1;;
444555999;444555999;220-00-03947-06;220000000000;7;;
444555999;220-00-03947-06_1;220-00-03947-06;220000000000;2;;
444555999;220-00-03947-06_2;220-00-03947-06;220000000000;2;;
444555999;444555999;220-00-03948-07;220000000000;1;;
444555999;444555999;220-00-03948-07;220000000000;7;;
444555999;220-00-03948-07_1;220-00-03948-07;220000000000;2;;
444555999;220-00-03948-07_2;220-00-03948-07;220000000000;2;;
444555999;444555999;220-00-03949-08;220000000000;1;;
444555999;444555999;220-00-03949-08;220000000000;7;;
444555999;220-00-03949-08_1;220-00-03949-08;220000000000;2;;
444555999;220-00-03949-08_2;220-00-03949-08;220000000000;2;;
444555999;444555999;220-00-03950-09;220000000000;1;;
444555999;444555999;220-00-03950-09;220000000000;7;;
444555999;220-00-03950-09_1;220-00-03950-09;220000000000;2;;
444555999;444555999;220-00-03951-10;220000000000;1;;
444555999;444555999;220-00-03951-10;220000000000;7;;
444555999;220-00-03951-10_1;220-00-03951-10;220000000000;2;;
444555999;444555999;220-00-03952-11;220000000000;1;;
444555999;444555999;220-00-03952-11;220000000000;7;;
444555999;220-00-03952-11_1;220-00-03952-11;220000000000;2;;
444555999;220-00-03952-11_2;220-00-03952-11;220000000000;2;;
444555999;444555999;220-00-03954-13;51242571;1;;
444555999;444555999;220-00-03954-13;51242571;7;;
444555999;220-00-03954-13_1;220-00-03954-13;51242571;2;;
444555999;220-00-03954-13_2;220-00-03954-13;51242571;2;;
444555999;444555999;220-00-03955-14;51233982;1;;
444555999;444555999;220-00-03955-14;51233982;7;;
444555999;220-00-03955-14_1;220-00-03955-14;51233982;2;;
444555999;220-00-03955-14_2;220-00-03955-14;51233982;2;;
444555999;444555999;220-00-03957-16;220000000000;1;;
444555999;444555999;220-00-03957-16;220000000000;7;;
444555999;220-00-03957-16_1;220-00-03957-16;220000000000;2;;
444555999;220-00-03957-16_2;220-00-03957-16;220000000000;2;;
444555999;444555999;220-00-03958-17;220000000000;1;;
444555999;444555999;220-00-03958-17;220000000000;7;;
444555999;220-00-03958-17_1;220-00-03958-17;220000000000;2;;
444555999;220-00-03958-17_2;220-00-03958-17;220000000000;2;;
444555999;444555999;220-00-03960-19;220000000000;1;;
444555999;444555999;220-00-03960-19;220000000000;7;;
444555999;220-00-03960-19_1;220-00-03960-19;220000000000;2;;
444555999;220-00-03960-19_2;220-00-03960-19;220000000000;2;;
444555999;444555999;220-00-03961-20;220000000000;1;;
444555999;444555999;220-00-03961-20;220000000000;7;;
444555999;220-00-03961-20_1;220-00-03961-20;220000000000;2;;
444555999;444555999;220-00-03962-21;220000000000;1;;
444555999;444555999;220-00-03962-21;220000000000;7;;
444555999;220-00-03962-21_1;220-00-03962-21;220000000000;2;;
444555999;220-00-03962-21_2;220-00-03962-21;220000000000;2;;
444555999;444555999;220-00-03963-22;220000000000;1;;
444555999;444555999;220-00-03963-22;220000000000;7;;
444555999;220-00-03963-22_1;220-00-03963-22;220000000000;2;;
444555999;444555999;220-00-03964-23;220000000000;1;;
444555999;444555999;220-00-03964-23;220000000000;7;;
444555999;220-00-03964-23_1;220-00-03964-23;220000000000;2;;
444555999;220-00-03964-23_2;220-00-03964-23;220000000000;2;;
444555999;444555999;220-00-03966-25;220000000000;1;;
444555999;444555999;220-00-03966-25;220000000000;7;;
444555999;220-00-03966-25_1;220-00-03966-25;220000000000;2;;
444555999;220-00-03966-25_2;220-00-03966-25;220000000000;2;;
444555999;444555999;220-00-03967-26;220000000000;1;;
444555999;444555999;220-00-03967-26;220000000000;7;;
444555999;220-00-03967-26_1;220-00-03967-26;220000000000;2;;
444555999;220-00-03967-26_2;220-00-03967-26;220000000000;2;;
444555999;444555999;220-00-03968-27;220000000000;1;;
444555999;444555999;220-00-03968-27;220000000000;7;;
444555999;220-00-03968-27_1;220-00-03968-27;220000000000;2;;
444555999;220-00-03968-27_2;220-00-03968-27;220000000000;2;;
444555999;444555999;220-00-03969-28;220000000000;1;;
444555999;444555999;220-00-03969-28;220000000000;7;;
444555999;220-00-03969-28_1;220-00-03969-28;220000000000;2;;
444555999;220-00-03969-28_2;220-00-03969-28;220000000000;2;;
444555999;444555999;220-00-03970-29;220000000000;1;;
444555999;444555999;220-00-03970-29;220000000000;7;;
444555999;220-00-03970-29_1;220-00-03970-29;220000000000;2;;
444555999;220-00-03970-29_2;220-00-03970-29;220000000000;2;;
444555999;444555999;220-00-03971-30;220000000000;1;;
444555999;444555999;220-00-03971-30;220000000000;7;;
444555999;220-00-03971-30_1;220-00-03971-30;220000000000;2;;
444555999;220-00-03971-30_2;220-00-03971-30;220000000000;2;;
444555999;444555999;220-00-03972-31;220000000000;1;;
444555999;444555999;220-00-03972-31;220000000000;7;;
444555999;220-00-03972-31_1;220-00-03972-31;220000000000;2;;
444555999;220-00-03972-31_2;220-00-03972-31;220000000000;2;;
444555999;444555999;220-00-03973-32;220000000000;1;;
444555999;444555999;220-00-03973-32;220000000000;7;;
444555999;220-00-03973-32_1;220-00-03973-32;220000000000;2;;
444555999;220-00-03973-32_2;220-00-03973-32;220000000000;2;;
444555999;444555999;220-00-03974-33;220000000000;1;;
444555999;444555999;220-00-03974-33;220000000000;7;;
444555999;220-00-03974-33_1;220-00-03974-33;220000000000;2;;
444555999;220-00-03974-33_2;220-00-03974-33;220000000000;2;;
444555999;444555999;220-00-03975-34;52238237;1;;
444555999;444555999;220-00-03975-34;52238237;7;;
444555999;220-00-03975-34_1;220-00-03975-34;52238237;2;;
444555999;220-00-03975-34_2;220-00-03975-34;52238237;2;;
444555999;444555999;220-00-03976-35;220000000000;1;;
444555999;444555999;220-00-03976-35;220000000000;7;;
444555999;220-00-03976-35_1;220-00-03976-35;220000000000;2;;
444555999;220-00-03976-35_2;220-00-03976-35;220000000000;2;;
444555999;444555999;220-00-03978-37;220000000000;1;;
444555999;444555999;220-00-03978-37;220000000000;7;;
444555999;220-00-03978-37_1;220-00-03978-37;220000000000;2;;
444555999;220-00-03978-37_2;220-00-03978-37;220000000000;2;;
444555999;444555999;220-00-03979-38;220000000000;1;;
444555999;444555999;220-00-03979-38;220000000000;7;;
444555999;220-00-03979-38_1;220-00-03979-38;220000000000;2;;
444555999;220-00-03979-38_2;220-00-03979-38;220000000000;2;;
444555999;444555999;220-00-03980-39;220000000000;1;;
444555999;444555999;220-00-03980-39;220000000000;7;;
444555999;220-00-03980-39_1;220-00-03980-39;220000000000;2;;
444555999;220-00-03980-39_2;220-00-03980-39;220000000000;2;;
444555999;444555999;220-00-03981-40;220000000000;1;;
444555999;444555999;220-00-03981-40;220000000000;7;;
444555999;220-00-03981-40_1;220-00-03981-40;220000000000;2;;
444555999;220-00-03981-40_2;220-00-03981-40;220000000000;2;;
444555999;444555999;220-00-03982-41;60134340;1;;
444555999;444555999;220-00-03982-41;60134340;7;;
444555999;220-00-03982-41_1;220-00-03982-41;60134340;2;;
444555999;444555999;220-00-03983-42;60278224;1;;
444555999;444555999;220-00-03983-42;60278224;7;;
444555999;220-00-03983-42_1;220-00-03983-42;60278224;2;;
444555999;220-00-03983-42_2;220-00-03983-42;60278224;2;;
444555999;444555999;220-00-03984-43;60263369;1;;
444555999;444555999;220-00-03984-43;60263369;7;;
444555999;220-00-03984-43_1;220-00-03984-43;60263369;2;;
444555999;220-00-03984-43_2;220-00-03984-43;60263369;2;;
444555999;444555999;220-00-03985-44;60292570;1;;
444555999;444555999;220-00-03985-44;60292570;7;;
444555999;220-00-03985-44_1;220-00-03985-44;60292570;2;;
444555999;444555999;220-00-03986-45;60312374;1;;
444555999;444555999;220-00-03986-45;60312374;7;;
444555999;220-00-03986-45_1;220-00-03986-45;60312374;2;;
444555999;220-00-03986-45_2;220-00-03986-45;60312374;2;;
444555999;444555999;220-00-03987-46;60499203;1;;
444555999;444555999;220-00-03987-46;60499203;7;;
444555999;220-00-03987-46_1;220-00-03987-46;60499203;2;;
444555999;444555999;220-00-03988-47;60419175;1;;
444555999;444555999;220-00-03988-47;60419175;7;;
444555999;220-00-03988-47_1;220-00-03988-47;60419175;2;;
444555999;220-00-03988-47_2;220-00-03988-47;60419175;2;;
444555999;444555999;220-00-03989-48;60442518;1;;
444555999;444555999;220-00-03989-48;60442518;7;;
444555999;220-00-03989-48_1;220-00-03989-48;60442518;2;;
444555999;220-00-03989-48_2;220-00-03989-48;60442518;2;2023-09-20;
444555999;444555999;220-00-03990-49;60512236;1;2023-09-20;
444555999;444555999;220-00-03990-49;60512236;7;2023-09-20;
444555999;220-00-03990-49_1;220-00-03990-49;60512236;2;;
444555999;220-00-03990-49_2;220-00-03990-49;60512236;2;;
444555999;444555999;220-00-03991-50;60527289;1;;
444555999;444555999;220-00-03991-50;60527289;7;;
444555999;220-00-03991-50_1;220-00-03991-50;60527289;2;;
444555999;444555999;220-00-03992-51;60605903;1;;
444555999;444555999;220-00-03992-51;60605903;7;;
444555999;220-00-03992-51_1;220-00-03992-51;60605903;2;;
444555999;444555999;220-00-03993-52;60662079;1;;
444555999;444555999;220-00-03993-52;60662079;7;;
444555999;220-00-03993-52_1;220-00-03993-52;60662079;2;;
444555999;220-00-03993-52_2;220-00-03993-52;60662079;2;;
444555999;444555999;220-00-03994-53;60546790;1;;
444555999;444555999;220-00-03994-53;60546790;7;;
444555999;220-00-03994-53_1;220-00-03994-53;60546790;2;;
444555999;220-00-03994-53_2;220-00-03994-53;60546790;2;;
444555999;444555999;220-00-03995-54;60641164;1;;
444555999;444555999;220-00-03995-54;60641164;7;;
444555999;220-00-03995-54_1;220-00-03995-54;60641164;2;;
444555999;220-00-03995-54_2;220-00-03995-54;60641164;2;;
444555999;444555999;220-00-03996-55;60710074;1;;
444555999;444555999;220-00-03996-55;60710074;7;;
444555999;220-00-03996-55_1;220-00-03996-55;60710074;2;;
444555999;444555999;220-00-03997-56;60759786;1;;
444555999;444555999;220-00-03997-56;60759786;7;;
444555999;220-00-03997-56_1;220-00-03997-56;60759786;2;;
444555999;444555999;220-00-03998-57;60810411;1;;
444555999;444555999;220-00-03998-57;60810411;7;;
444555999;220-00-03998-57_1;220-00-03998-57;60810411;2;;
444555999;444555999;220-00-03999-58;60876085;1;;
444555999;444555999;220-00-03999-58;60876085;7;;
444555999;220-00-03999-58_1;220-00-03999-58;60876085;2;;
444555999;444555999;220-00-04000-59;60942167;1;;
444555999;444555999;220-00-04000-59;60942167;7;;
444555999;220-00-04000-59_1;220-00-04000-59;60942167;2;;
444555999;444555999;220-00-04001-60;61014515;1;;
444555999;444555999;220-00-04001-60;61014515;7;;
444555999;220-00-04001-60_1;220-00-04001-60;61014515;2;;
444555999;220-00-04001-60_2;220-00-04001-60;61014515;2;;
444555999;444555999;220-00-04002-61;61071095;1;;
444555999;444555999;220-00-04002-61;61071095;7;;
444555999;220-00-04002-61_1;220-00-04002-61;61071095;2;;
444555999;444555999;220-00-04003-62;61072412;1;;
444555999;444555999;220-00-04003-62;61072412;7;;
444555999;220-00-04003-62_1;220-00-04003-62;61072412;2;;
444555999;220-00-04003-62_2;220-00-04003-62;61072412;2;;
444555999;444555999;220-00-04004-63;61135460;1;;
444555999;444555999;220-00-04004-63;61135460;7;;
444555999;220-00-04004-63_1;220-00-04004-63;61135460;2;;
444555999;220-00-04004-63_2;220-00-04004-63;61135460;2;;
444555999;444555999;220-00-04005-64;61310161;1;;
444555999;444555999;220-00-04005-64;61310161;7;;
444555999;220-00-04005-64_1;220-00-04005-64;61310161;2;;
444555999;220-00-04005-64_2;220-00-04005-64;61310161;2;;
444555999;444555999;220-00-04006-65;61200734;1;;
444555999;444555999;220-00-04006-65;61200734;7;;
444555999;220-00-04006-65_1;220-00-04006-65;61200734;2;;
444555999;220-00-04006-65_2;220-00-04006-65;61200734;2;;
444555999;444555999;220-00-04007-66;61294502;1;;
444555999;444555999;220-00-04007-66;61294502;7;;
444555999;220-00-04007-66_1;220-00-04007-66;61294502;2;;
444555999;444555999;220-00-04008-67;61311373;1;;
444555999;444555999;220-00-04008-67;61311373;7;;
444555999;220-00-04008-67_1;220-00-04008-67;61311373;2;;
444555999;444555999;220-00-04009-68;61469102;1;;
444555999;444555999;220-00-04009-68;61469102;7;;
444555999;220-00-04009-68_1;220-00-04009-68;61469102;2;;
444555999;220-00-04009-68_2;220-00-04009-68;61469102;2;;
444555999;444555999;220-00-04010-69;61477081;1;;
444555999;444555999;220-00-04010-69;61477081;7;;
444555999;220-00-04010-69_1;220-00-04010-69;61477081;2;;
444555999;444555999;220-00-04011-70;61336332;1;;
444555999;444555999;220-00-04011-70;61336332;7;;
444555999;220-00-04011-70_1;220-00-04011-70;61336332;2;;
444555999;444555999;220-00-04012-71;61501737;1;;
444555999;444555999;220-00-04012-71;61501737;7;;
444555999;220-00-04012-71_1;220-00-04012-71;61501737;2;;
444555999;444555999;220-00-04013-72;61504464;1;;
444555999;444555999;220-00-04013-72;61504464;7;;
444555999;220-00-04013-72_1;220-00-04013-72;61504464;2;;
444555999;220-00-04013-72_2;220-00-04013-72;61504464;2;;
444555999;444555999;220-00-04014-73;61610659;1;;
444555999;444555999;220-00-04014-73;61610659;7;;
444555999;220-00-04014-73_1;220-00-04014-73;61610659;2;;
444555999;220-00-04014-73_2;220-00-04014-73;61610659;2;;
444555999;444555999;220-00-04015-74;61462735;1;;
444555999;444555999;220-00-04015-74;61462735;7;;
444555999;220-00-04015-74_1;220-00-04015-74;61462735;2;;
444555999;220-00-04015-74_2;220-00-04015-74;61462735;2;;
444555999;444555999;220-00-04016-75;61632786;1;;
444555999;444555999;220-00-04016-75;61632786;7;;
444555999;220-00-04016-75_1;220-00-04016-75;61632786;2;;
444555999;220-00-04016-75_2;220-00-04016-75;61632786;2;;
444555999;444555999;220-00-04017-76;61792838;1;;
444555999;444555999;220-00-04017-76;61792838;7;;
444555999;220-00-04017-76_1;220-00-04017-76;61792838;2;;
444555999;220-00-04017-76_2;220-00-04017-76;61792838;2;;
444555999;444555999;220-00-04018-77;61740601;1;;
444555999;444555999;220-00-04018-77;61740601;7;;
444555999;220-00-04018-77_1;220-00-04018-77;61740601;2;;
444555999;444555999;220-00-04019-78;61951674;1;;
444555999;444555999;220-00-04019-78;61951674;7;;
444555999;220-00-04019-78_1;220-00-04019-78;61951674;2;;
444555999;444555999;220-00-04020-79;61984414;1;;
444555999;444555999;220-00-04020-79;61984414;7;;
444555999;220-00-04020-79_1;220-00-04020-79;61984414;2;2023-06-21;
444555999;220-00-04020-79_2;220-00-04020-79;61984414;2;;
444555999;444555999;220-00-04021-80;62016544;1;;
444555999;444555999;220-00-04021-80;62016544;7;;
444555999;220-00-04021-80_1;220-00-04021-80;62016544;2;;
444555999;220-00-04021-80_2;220-00-04021-80;62016544;2;;
444555999;444555999;220-00-04022-81;62079390;1;;
444555999;444555999;220-00-04022-81;62079390;7;;
444555999;220-00-04022-81_1;220-00-04022-81;62079390;2;;
444555999;220-00-04022-81_2;220-00-04022-81;62079390;2;;
444555999;444555999;220-00-04023-82;62077370;1;;
444555999;444555999;220-00-04023-82;62077370;7;;
444555999;220-00-04023-82_1;220-00-04023-82;62077370;2;;
444555999;220-00-04023-82_2;220-00-04023-82;62077370;2;;
444555999;444555999;220-00-04024-83;61959556;1;;
444555999;444555999;220-00-04024-83;61959556;7;;
444555999;220-00-04024-83_1;220-00-04024-83;61959556;2;;
444555999;444555999;220-00-04025-84;62030890;1;;
444555999;444555999;220-00-04025-84;62030890;7;;
444555999;220-00-04025-84_1;220-00-04025-84;62030890;2;;
444555999;444555999;220-00-04026-85;62018160;1;;
444555999;444555999;220-00-04026-85;62018160;7;;
444555999;220-00-04026-85_1;220-00-04026-85;62018160;2;;
444555999;444555999;220-00-04027-86;62122234;1;;
444555999;444555999;220-00-04027-86;62122234;7;;
444555999;220-00-04027-86_1;220-00-04027-86;62122234;2;;
444555999;444555999;220-00-04028-87;62080404;1;;
444555999;444555999;220-00-04028-87;62080404;7;;
444555999;220-00-04028-87_1;220-00-04028-87;62080404;2;;
444555999;220-00-04028-87_2;220-00-04028-87;62080404;2;;
444555999;444555999;220-00-04029-88;62080202;1;;
444555999;444555999;220-00-04029-88;62080202;7;;
444555999;220-00-04029-88_1;220-00-04029-88;62080202;2;;
444555999;220-00-04029-88_2;220-00-04029-88;62080202;2;;
444555999;444555999;220-00-04030-89;62363118;1;;
444555999;444555999;220-00-04030-89;62363118;7;;
444555999;220-00-04030-89_1;220-00-04030-89;62363118;2;;
444555999;444555999;220-00-04031-90;62267330;1;;
444555999;444555999;220-00-04031-90;62267330;7;;
444555999;220-00-04031-90_1;220-00-04031-90;62267330;2;;
444555999;220-00-04031-90_2;220-00-04031-90;62267330;2;;
444555999;444555999;220-00-04032-91;62278646;1;;
444555999;444555999;220-00-04032-91;62278646;7;;
444555999;220-00-04032-91_1;220-00-04032-91;62278646;2;;
444555999;220-00-04032-91_2;220-00-04032-91;62278646;2;;
444555999;444555999;220-00-04033-92;62227924;1;;
444555999;444555999;220-00-04033-92;62227924;7;;
444555999;220-00-04033-92_1;220-00-04033-92;62227924;2;;
444555999;444555999;220-00-04034-93;62434654;1;;
444555999;444555999;220-00-04034-93;62434654;7;;
444555999;220-00-04034-93_1;220-00-04034-93;62434654;2;;
444555999;220-00-04034-93_2;220-00-04034-93;62434654;2;;
444555999;444555999;220-00-04035-94;62342910;1;;
444555999;444555999;220-00-04035-94;62342910;7;;
444555999;220-00-04035-94_1;220-00-04035-94;62342910;2;;
444555999;220-00-04035-94_2;220-00-04035-94;62342910;2;;
444555999;444555999;220-00-04036-95;62744044;1;;
444555999;444555999;220-00-04036-95;62744044;7;;
444555999;220-00-04036-95_1;220-00-04036-95;62744044;2;;
444555999;444555999;220-00-04037-96;62408786;1;;
444555999;444555999;220-00-04037-96;62408786;7;;
444555999;220-00-04037-96_1;220-00-04037-96;62408786;2;;
444555999;220-00-04037-96_2;220-00-04037-96;62408786;2;;
444555999;444555999;220-00-04038-97;62805981;1;;
444555999;444555999;220-00-04038-97;62805981;7;;
444555999;220-00-04038-97_1;220-00-04038-97;62805981;2;;
444555999;444555999;220-00-04039-01;62745155;1;;
444555999;444555999;220-00-04039-01;62745155;7;;
444555999;220-00-04039-01_1;220-00-04039-01;62745155;2;;
444555999;220-00-04039-01_2;220-00-04039-01;62745155;2;;
444555999;444555999;220-00-04040-02;62864585;1;;
444555999;444555999;220-00-04040-02;62864585;7;;
444555999;220-00-04040-02_1;220-00-04040-02;62864585;2;;
444555999;220-00-04040-02_2;220-00-04040-02;62864585;2;;
444555999;444555999;220-00-04041-03;62864888;1;;
444555999;444555999;220-00-04041-03;62864888;7;;
444555999;220-00-04041-03_1;220-00-04041-03;62864888;2;;
444555999;220-00-04041-03_2;220-00-04041-03;62864888;2;;
444555999;444555999;220-00-04042-04;63001702;1;;
444555999;444555999;220-00-04042-04;63001702;7;;
444555999;220-00-04042-04_1;220-00-04042-04;63001702;2;;
444555999;220-00-04042-04_2;220-00-04042-04;63001702;2;;
444555999;444555999;220-00-04043-05;62960373;1;;
444555999;444555999;220-00-04043-05;62960373;7;;
444555999;220-00-04043-05_1;220-00-04043-05;62960373;2;;
444555999;444555999;220-00-04044-06;63712529;1;;
444555999;444555999;220-00-04044-06;63712529;7;;
444555999;220-00-04044-06_1;220-00-04044-06;63712529;2;;
444555999;220-00-04044-06_2;220-00-04044-06;63712529;2;;
444555999;444555999;220-00-04045-07;63705556;1;;
444555999;444555999;220-00-04045-07;63705556;7;;
444555999;220-00-04045-07_1;220-00-04045-07;63705556;2;;
444555999;220-00-04045-07_2;220-00-04045-07;63705556;2;;
444555999;444555999;220-00-04046-08;64022323;1;;
444555999;444555999;220-00-04046-08;64022323;7;;
444555999;220-00-04046-08_1;220-00-04046-08;64022323;2;;
444555999;220-00-04046-08_2;220-00-04046-08;64022323;2;;
444555999;444555999;220-00-04047-09;64032124;1;;
444555999;444555999;220-00-04047-09;64032124;7;;
444555999;220-00-04047-09_1;220-00-04047-09;64032124;2;;
444555999;220-00-04047-09_2;220-00-04047-09;64032124;2;;
444555999;444555999;220-00-04048-10;63957352;1;;
444555999;444555999;220-00-04048-10;63957352;7;;
444555999;220-00-04048-10_1;220-00-04048-10;63957352;2;;
444555999;444555999;220-00-04049-11;63413748;1;;
444555999;444555999;220-00-04049-11;63413748;7;;
444555999;220-00-04049-11_1;220-00-04049-11;63413748;2;;
444555999;220-00-04049-11_2;220-00-04049-11;63413748;2;;
444555999;444555999;220-00-04050-12;64305441;1;;
444555999;444555999;220-00-04050-12;64305441;7;;
444555999;220-00-04050-12_1;220-00-04050-12;64305441;2;;
444555999;220-00-04050-12_2;220-00-04050-12;64305441;2;;
444555999;444555999;220-00-04051-13;64332117;1;;
444555999;444555999;220-00-04051-13;64332117;7;;
444555999;220-00-04051-13_1;220-00-04051-13;64332117;2;;
444555999;220-00-04051-13_2;220-00-04051-13;64332117;2;;
444555999;444555999;220-00-04052-14;64821359;1;;
444555999;444555999;220-00-04052-14;64821359;7;;
444555999;220-00-04052-14_1;220-00-04052-14;64821359;2;;
444555999;444555999;220-02-03249-70;220020000000;1;;
444555999;444555999;220-02-03249-70;220020000000;7;;
444555999;220-02-03249-70_1;220-02-03249-70;220020000000;2;;
444555999;220-02-03249-70_2;220-02-03249-70;220020000000;2;;
444555999;444555999;220-02-03342-66;220020000000;1;;
444555999;444555999;220-02-03342-66;220020000000;7;;
444555999;220-02-03342-66_1;220-02-03342-66;220020000000;2;;
444555999;220-02-03342-66_2;220-02-03342-66;220020000000;2;;
444555999;444555999;220-02-03381-08;220020000000;1;;
444555999;444555999;220-02-03381-08;220020000000;7;;
444555999;220-02-03381-08_1;220-02-03381-08;220020000000;2;;
444555999;220-02-03381-08_2;220-02-03381-08;220020000000;2;;
444555999;444555999;220-02-03512-42;220020000000;1;;
444555999;444555999;220-02-03512-42;220020000000;7;;
444555999;220-02-03512-42_1;220-02-03512-42;220020000000;2;;
444555999;444555999;220-02-03545-75;220020000000;1;;
444555999;444555999;220-02-03545-75;220020000000;7;;
444555999;220-02-03545-75_1;220-02-03545-75;220020000000;2;;
444555999;444555999;220-02-03546-76;220020000000;1;;
444555999;444555999;220-02-03546-76;220020000000;7;;
444555999;220-02-03546-76_1;220-02-03546-76;220020000000;2;;
444555999;220-02-03546-76_2;220-02-03546-76;220020000000;2;;
444555999;444555999;220-02-03592-25;220020000000;1;;
444555999;444555999;220-02-03592-25;220020000000;7;;
444555999;220-02-03592-25_1;220-02-03592-25;220020000000;2;;
444555999;444555999;220-02-03597-30;220020000000;1;;
444555999;444555999;220-02-03597-30;220020000000;7;;
444555999;220-02-03597-30_1;220-02-03597-30;220020000000;2;;
444555999;220-02-03597-30_2;220-02-03597-30;220020000000;2;;
444555999;444555999;220-02-03978-23;220020000000;1;;
444555999;444555999;220-02-03978-23;220020000000;7;;
444555999;220-02-03978-23_1;220-02-03978-23;220020000000;2;;
444555999;220-02-03978-23_2;220-02-03978-23;220020000000;2;;
444555999;444555999;220-02-03984-29;60263470;1;;
444555999;444555999;220-02-03984-29;60263470;7;;
444555999;220-02-03984-29_1;220-02-03984-29;60263470;2;;
444555999;220-02-03984-29_2;220-02-03984-29;60263470;2;;
444555999;444555999;220-02-03989-34;60442619;1;;
444555999;444555999;220-02-03989-34;60442619;7;;
444555999;220-02-03989-34_1;220-02-03989-34;60442619;2;;
444555999;220-02-03989-34_2;220-02-03989-34;60442619;2;2023-09-20;
444555999;444555999;220-02-03990-35;60512337;1;2023-09-20;
444555999;444555999;220-02-03990-35;60512337;7;2023-09-20;
444555999;220-02-03990-35_1;220-02-03990-35;60512337;2;;
444555999;220-02-03990-35_2;220-02-03990-35;60512337;2;;
444555999;444555999;220-02-03991-36;60527390;1;;
444555999;444555999;220-02-03991-36;60527390;7;;
444555999;220-02-03991-36_1;220-02-03991-36;60527390;2;;
444555999;444555999;220-02-03997-42;60759887;1;;
444555999;444555999;220-02-03997-42;60759887;7;;
444555999;220-02-03997-42_1;220-02-03997-42;60759887;2;;
444555999;444555999;220-02-04005-50;61310262;1;;
444555999;444555999;220-02-04005-50;61310262;7;;
444555999;220-02-04005-50_1;220-02-04005-50;61310262;2;;
444555999;220-02-04005-50_2;220-02-04005-50;61310262;2;;
444555999;444555999;220-02-04008-53;61311474;1;;
444555999;444555999;220-02-04008-53;61311474;7;;
444555999;220-02-04008-53_1;220-02-04008-53;61311474;2;;
444555999;444555999;220-02-04010-55;61477182;1;;
444555999;444555999;220-02-04010-55;61477182;7;;
444555999;220-02-04010-55_1;220-02-04010-55;61477182;2;;
444555999;444555999;220-02-04017-62;61792939;1;;
444555999;444555999;220-02-04017-62;61792939;7;;
444555999;220-02-04017-62_1;220-02-04017-62;61792939;2;;
444555999;220-02-04017-62_2;220-02-04017-62;61792939;2;;
444555999;444555999;220-02-04020-65;61984515;1;;
444555999;444555999;220-02-04020-65;61984515;7;;
444555999;220-02-04020-65_1;220-02-04020-65;61984515;2;2023-06-21;
444555999;220-02-04020-65_2;220-02-04020-65;61984515;2;;
444555999;444555999;220-02-04022-67;62079491;1;;
444555999;444555999;220-02-04022-67;62079491;7;;
444555999;220-02-04022-67_1;220-02-04022-67;62079491;2;;
444555999;220-02-04022-67_2;220-02-04022-67;62079491;2;;
444555999;444555999;220-02-04025-70;62030991;1;;
444555999;444555999;220-02-04025-70;62030991;7;;
444555999;220-02-04025-70_1;220-02-04025-70;62030991;2;;
444555999;444555999;220-02-04028-73;62080505;1;;
444555999;444555999;220-02-04028-73;62080505;7;;
444555999;220-02-04028-73_1;220-02-04028-73;62080505;2;;
444555999;220-02-04028-73_2;220-02-04028-73;62080505;2;;
444555999;444555999;220-02-04029-74;62080303;1;;
444555999;444555999;220-02-04029-74;62080303;7;;
444555999;220-02-04029-74_1;220-02-04029-74;62080303;2;;
444555999;220-02-04029-74_2;220-02-04029-74;62080303;2;;
444555999;444555999;220-02-04031-76;62267431;1;;
444555999;444555999;220-02-04031-76;62267431;7;;
444555999;220-02-04031-76_1;220-02-04031-76;62267431;2;;
444555999;220-02-04031-76_2;220-02-04031-76;62267431;2;;
444555999;444555999;220-02-04033-78;62228025;1;;
444555999;444555999;220-02-04033-78;62228025;7;;
444555999;220-02-04033-78_1;220-02-04033-78;62228025;2;;
444555999;444555999;220-02-04034-79;62434755;1;;
444555999;444555999;220-02-04034-79;62434755;7;;
444555999;220-02-04034-79_1;220-02-04034-79;62434755;2;;
444555999;220-02-04034-79_2;220-02-04034-79;62434755;2;;
444555999;444555999;220-02-04035-80;62343011;1;;
444555999;444555999;220-02-04035-80;62343011;7;;
444555999;220-02-04035-80_1;220-02-04035-80;62343011;2;;
444555999;220-02-04035-80_2;220-02-04035-80;62343011;2;;
444555999;444555999;220-02-04040-85;62864686;1;;
444555999;444555999;220-02-04040-85;62864686;7;;
444555999;220-02-04040-85_1;220-02-04040-85;62864686;2;;
444555999;220-02-04040-85_2;220-02-04040-85;62864686;2;;
444555999;444555999;220-02-04041-86;62989675;1;;
444555999;444555999;220-02-04041-86;62989675;7;;
444555999;220-02-04041-86_1;220-02-04041-86;62989675;2;;
444555999;220-02-04041-86_2;220-02-04041-86;62989675;2;;
444555999;444555999;220-02-04044-89;63712630;1;;
444555999;444555999;220-02-04044-89;63712630;7;;
444555999;220-02-04044-89_1;220-02-04044-89;63712630;2;;
444555999;220-02-04044-89_2;220-02-04044-89;63712630;2;;
444555999;444555999;220-02-04045-90;63705657;1;;
444555999;444555999;220-02-04045-90;63705657;7;;
444555999;220-02-04045-90_1;220-02-04045-90;63705657;2;;
444555999;220-02-04045-90_2;220-02-04045-90;63705657;2;;
444555999;444555999;220-02-04046-91;64022424;1;;
444555999;444555999;220-02-04046-91;64022424;7;;
444555999;220-02-04046-91_1;220-02-04046-91;64022424;2;;
444555999;220-02-04046-91_2;220-02-04046-91;64022424;2;;
444555999;444555999;220-02-04047-92;64032225;1;;
444555999;444555999;220-02-04047-92;64032225;7;;
444555999;220-02-04047-92_1;220-02-04047-92;64032225;2;;
444555999;220-02-04047-92_2;220-02-04047-92;64032225;2;;
444555999;444555999;220-02-04048-93;63957453;1;;
444555999;444555999;220-02-04048-93;63957453;7;;
444555999;220-02-04048-93_1;220-02-04048-93;63957453;2;;
444555999;444555999;220-02-04050-95;64305542;1;;
444555999;444555999;220-02-04050-95;64305542;7;;
444555999;220-02-04050-95_1;220-02-04050-95;64305542;2;;
444555999;220-02-04050-95_2;220-02-04050-95;64305542;2;;
444555999;444555999;220-02-04051-96;64332218;1;;
444555999;444555999;220-02-04051-96;64332218;7;;
444555999;220-02-04051-96_1;220-02-04051-96;64332218;2;;
444555999;220-02-04051-96_2;220-02-04051-96;64332218;2;;
444555999;444555999;220-03-03249-63;220030000000;1;;
444555999;444555999;220-03-03249-63;220030000000;7;;
444555999;220-03-03249-63_1;220-03-03249-63;220030000000;2;;
444555999;220-03-03249-63_2;220-03-03249-63;220030000000;2;;
